timestamp,session_id,issue,agent,model,tokens_input,tokens_output,tokens_reasoning,cache_read,cache_write,cost_usd,parent_session_id
2026-07-23T12:00:41Z,ses_072114ab8ffez2vixkfI8NBS42,74,build,big-pickle,729733,57586,29576,22318016,0,0.000000
2026-07-23T12:20:11Z,ses_072114ab8ffez2vixkfI8NBS42,86,build,big-pickle,767693,62482,38936,26958912,0,0.000000
2026-07-23T12:28:30Z,ses_072114ab8ffez2vixkfI8NBS42,87,build,big-pickle,777638,65631,39470,28537728,0,0.000000
2026-07-23T12:32:50Z,ses_072114ab8ffez2vixkfI8NBS42,88,build,big-pickle,861313,69836,40093,29489600,0,0.000000
2026-07-24T07:07:51Z,ses_06d1d2485ffeIoCKfIzvjbstjZ,103,build,big-pickle,38801,5321,1566,990464,0,0.000000
2026-07-24T07:33:24Z,ses_06d1d2485ffeIoCKfIzvjbstjZ,103,build,big-pickle,57602,8462,2884,2412864,0,0.000000
2026-07-24T08:14:33Z,ses_06d1d2485ffeIoCKfIzvjbstjZ,106,build,big-pickle,286355,24207,5904,9385280,0,0.000000
2026-07-24T18:13:53Z,ses_06aae87dbffelozVjgk5lmHCwt,123,build,big-pickle,25083,1831,992,514368,0,0.000000
2026-07-25T11:45:58Z,ses_066f84ec8ffeLydh7HkHOr0QMz,125,build,big-pickle,64801,7715,6073,2051840,0,0.000000
2026-07-25T11:54:22Z,ses_066f84ec8ffeLydh7HkHOr0QMz,126,build,big-pickle,84647,13920,7113,3663936,0,0.000000
2026-07-26T10:29:11Z,ses_0621f2cf0ffe1ixkdjjAJMVCcd,136,build,big-pickle,84787,7518,1731,1748096,0,0.000000
2026-07-26T14:26:52Z,ses_0621f2cf0ffe1ixkdjjAJMVCcd,146,build,big-pickle,425009,42042,19369,17723200,0,0.000000
2026-07-26T14:35:59Z,ses_0621f2cf0ffe1ixkdjjAJMVCcd,148,build,big-pickle,673352,47561,20407,18561728,0,0.000000
2026-07-26T14:50:26Z,ses_0621f2cf0ffe1ixkdjjAJMVCcd,153,build,big-pickle,847383,54771,21495,21786752,0,0.000000
2026-07-26T16:21:12Z,ses_0621f2cf0ffe1ixkdjjAJMVCcd,154,build,big-pickle,874817,63397,22609,25816896,0,0.000000
2026-07-26T16:37:32Z,ses_0621f2cf0ffe1ixkdjjAJMVCcd,155,build,big-pickle,997563,75576,24123,30773184,0,0.000000
2026-07-26T16:51:22Z,ses_0621f2cf0ffe1ixkdjjAJMVCcd,155,build,nvidia/nemotron-3-ultra-550b-a55b,1187944,81727,24676,31786688,0,0.207502
2026-07-27T11:26:59Z,ses_05cd943e0ffe9K27eg4Txc3uXJ,169,build,big-pickle,244143,17654,5707,4702720,0,0.000000
2026-07-27T11:29:43Z,ses_05cd943e0ffe9K27eg4Txc3uXJ,169,build,big-pickle,250021,18799,6010,5526592,0,0.000000
2026-07-28T10:33:39Z,ses_057c7e358ffeisBw9u1TyH2JLj,188,build,big-pickle,100905,20507,4369,4482944,0,0.000000
2026-07-28T17:16:29Z,ses_057c7e358ffeisBw9u1TyH2JLj,198,build,big-pickle,994534,88127,31646,37235264,0,0.000000
2026-07-28T17:48:11Z,ses_057c7e358ffeisBw9u1TyH2JLj,198,build,nvidia/nemotron-3-ultra-550b-a55b,2352653,111532,37910,45963200,0,1.576880
2026-07-28T17:48:54Z,ses_057c7e358ffeisBw9u1TyH2JLj,198,build,nvidia/nemotron-3-ultra-550b-a55b,2358781,111882,37910,46211264,0,1.618029
2026-07-28T17:48:59Z,ses_057c7e358ffeisBw9u1TyH2JLj,198,build,nvidia/nemotron-3-ultra-550b-a55b,2486195,112091,37910,46211264,0,1.682258
2026-07-28T17:53:52Z,ses_057c7e358ffeisBw9u1TyH2JLj,198,build,nvidia/nemotron-3-ultra-550b-a55b,2617745,112975,37910,46463680,0,1.788106
2026-07-28T17:56:07Z,ses_057c7e358ffeisBw9u1TyH2JLj,198,build,nvidia/nemotron-3-ultra-550b-a55b,2894139,114499,37910,47099072,0,2.025421
2026-07-30T15:08:42Z,ses_04c732b60ffeSw77J0sQgo5tPp,211,build,big-pickle,50545,8851,4006,1520000,0,0.000000
2026-07-30T17:55:27Z,ses_04c732b60ffeSw77J0sQgo5tPp,215,build,big-pickle,355002,53332,40209,20919168,0,0.000000
2026-07-30T18:35:10Z,ses_04c732b60ffeSw77J0sQgo5tPp,217,build,big-pickle,366467,56440,42179,21562496,0,0.000000
2026-07-31T17:44:12Z,ses_047284e70ffezlWT5wz0B3JyDw,219,build,big-pickle,552043,37669,66788,11964800,0,0.000000,
2026-07-31T17:44:12Z,ses_04726a083fferL07TVg2Y0Yp1V,219,developer,deepseek-ai/deepseek-v4-pro,347626,2506,0,168960,0,0.154010,ses_047284e70ffezlWT5wz0B3JyDw
2026-07-31T17:50:53Z,ses_046b75eceffed0A9CVMAkR9gqe,221,tester,deepseek-ai/deepseek-v4-pro,451247,3560,0,278784,0,0.200400,ses_047284e70ffezlWT5wz0B3JyDw
2026-07-31T17:56:35Z,ses_046b265c6ffe1uRI2pFcwzzMuR,221,security-auditor,nvidia/nvidia-nemotron-nano-9b-v2,53401,4387,0,0,0,0.000000,ses_047284e70ffezlWT5wz0B3JyDw
2026-08-01T10:26:34Z,ses_043aaf85dffeaIPNt5yvIy4von,224,build,big-pickle,473864,17937,40833,5225600,0,0.000000,
2026-08-01T10:26:34Z,ses_043679993fferOTZl06YWLk1zP,224,developer,deepseek-ai/deepseek-v4-pro,207705,4064,0,0,0,0.093887,ses_043aaf85dffeaIPNt5yvIy4von
2026-08-01T10:26:34Z,ses_04348a7e5ffec2mnzIXCAin2BX,224,security-auditor,nvidia/nvidia-nemotron-nano-9b-v2,9715,1012,0,0,0,0.000000,ses_043aaf85dffeaIPNt5yvIy4von
2026-08-01T10:26:34Z,ses_04340be76ffecWmACEO6w1T5iC,224,explore,big-pickle,21531,2275,1585,54400,0,0.000000,ses_043aaf85dffeaIPNt5yvIy4von
2026-08-01T10:26:34Z,ses_04337a8c5ffeWQHCDpbCAOIrrw,224,tester,deepseek-v4-flash-free,22912,2297,5350,165120,0,0.000000,ses_043aaf85dffeaIPNt5yvIy4von
2026-08-01T12:51:48Z,ses_04313631dffefjtUUsMdVy0rsq,227,tester,deepseek-v4-flash-free,33047,9745,10368,1186816,0,0.000000,ses_043aaf85dffeaIPNt5yvIy4von
2026-08-01T12:51:48Z,ses_0430c5f64ffefaDuq5LfjRPRwi,227,developer,deepseek-ai/deepseek-v4-pro,12441,148,0,0,0,0.005541,ses_043aaf85dffeaIPNt5yvIy4von
2026-08-01T12:51:48Z,ses_043067e47ffe2fYwfukLBdVJ5U,227,developer,deepseek-ai/deepseek-v4-pro,12342,114,0,0,0,0.005468,ses_043aaf85dffeaIPNt5yvIy4von
2026-08-01T12:51:48Z,ses_04305ceaaffeGjKUC1mwJsQLEY,227,developer,deepseek-v4-flash-free,28239,4100,6506,563456,0,0.000000,ses_043aaf85dffeaIPNt5yvIy4von
2026-08-01T12:51:48Z,ses_0430339f0ffeOyYEDFdQ5EeNmM,227,tester,deepseek-v4-flash-free,27624,2519,3841,274816,0,0.000000,ses_043aaf85dffeaIPNt5yvIy4von
2026-08-01T12:51:48Z,ses_04300733cffeb81d3nZcuMBNBl,227,security-auditor,meta/llama-3.1-70b-instruct,31414,136,0,0,0,0.000000,ses_043aaf85dffeaIPNt5yvIy4von
2026-08-01T12:51:48Z,ses_042ed5926ffeR0eGcHWtUio79x,227,security-auditor,deepseek-v4-flash-free,36508,3501,7356,248192,0,0.000000,ses_043aaf85dffeaIPNt5yvIy4von
2026-08-01T12:51:48Z,ses_042eb5452ffe3wZJMk86JcUSvp,227,developer,deepseek-v4-flash-free,36159,8315,13723,935808,0,0.000000,ses_043aaf85dffeaIPNt5yvIy4von
2026-08-01T12:51:48Z,ses_042e71344ffeRFzZsGmqckyFct,227,tester,deepseek-v4-flash-free,33663,3872,12118,657536,0,0.000000,ses_043aaf85dffeaIPNt5yvIy4von
2026-08-01T12:51:48Z,ses_042e3dbfdffeNjtm2mZF85ScDv,227,developer,deepseek-v4-flash-free,33024,4472,11468,747776,0,0.000000,ses_043aaf85dffeaIPNt5yvIy4von
2026-08-01T12:51:48Z,ses_042a3290bffeDvcLNHA63nR7Og,227,architect,meta/llama-3.3-70b-instruct,20908,249,0,32,0,0.000000,ses_043aaf85dffeaIPNt5yvIy4von
2026-08-01T17:51:45Z,ses_0418c3edeffeyjG1poc5auUtjg,232,build,nvidia/nemotron-3-super-120b-a12b,34509,382,0,45696,0,0.007207,
2026-08-02T10:16:07Z,ses_03e15c887ffeb93HoKyZBLYBJ4,232,build,big-pickle,151196,21552,46915,6766848,0,0.000000,
2026-08-02T13:53:33Z,ses_03de8bcaeffejCCJzn5jYfgcFr,234,general,big-pickle,7489,4,0,6272,0,0.000000,ses_03e15c887ffeb93HoKyZBLYBJ4
2026-08-02T13:53:33Z,ses_03ddc0ea3ffehZaqnBgdaHy0A2,234,tester,meta/llama-3.3-70b-instruct,24049,76,0,32,0,0.000000,ses_03e15c887ffeb93HoKyZBLYBJ4
2026-08-02T13:53:33Z,ses_03dd1a845ffeNEFW79ZZxh7xcL,234,tester,nvidia/nemotron-3-super-120b-a12b,26255,2091,0,0,0,0.006924,ses_03e15c887ffeb93HoKyZBLYBJ4
2026-08-02T13:53:33Z,ses_03dd0bf41ffePCveG45gGlLcJj,234,tester,nvidia/nemotron-3-super-120b-a12b,77758,14508,0,208896,0,0.027158,ses_03e15c887ffeb93HoKyZBLYBJ4
2026-08-02T13:53:33Z,ses_03dcb4678ffe2D7KrZ8mndl5DT,234,developer,nvidia/nemotron-3-super-120b-a12b,35051,2865,0,15232,0,0.009302,ses_03e15c887ffeb93HoKyZBLYBJ4
2026-08-02T13:53:33Z,ses_03dc8c76bffen74C6SSwFyBT8c,234,developer,nvidia/nemotron-3-super-120b-a12b,20435,7899,0,158848,0,0.010406,ses_03e15c887ffeb93HoKyZBLYBJ4
2026-08-02T13:53:33Z,ses_03dc31faeffeR2EY2bsZyrErIm,234,security-auditor,nvidia/nemotron-3-super-120b-a12b,39825,1806,0,21760,0,0.009410,ses_03e15c887ffeb93HoKyZBLYBJ4
2026-08-02T13:53:33Z,ses_03d528c27ffeRmwm4774TdkzVe,234,tester,nvidia/nemotron-3-super-120b-a12b,73718,4454,0,163200,0,0.018307,ses_03e15c887ffeb93HoKyZBLYBJ4
2026-08-02T13:53:33Z,ses_03d50e51fffedStCCTy26e50yC,234,developer,nvidia/nemotron-3-super-120b-a12b,105730,12604,0,278528,0,0.031229,ses_03e15c887ffeb93HoKyZBLYBJ4
2026-08-02T13:53:33Z,ses_03d497050ffe096zFjfzireZnO,234,tester,nvidia/nemotron-3-super-120b-a12b,74424,1833,0,221952,0,0.016351,ses_03e15c887ffeb93HoKyZBLYBJ4
2026-08-02T13:53:33Z,ses_03d48425affenzYHifTW7zrNRn,234,security-auditor,nvidia/nemotron-3-super-120b-a12b,62448,4677,0,10880,0,0.016231,ses_03e15c887ffeb93HoKyZBLYBJ4
